, ,M,V,L,S,G,E,D,K,S,N,I,K,A,A,W,G,K,I,G,G,H,G,A,E,Y,G,A,E,A,L,E,R,M,F,A,S,F,P,T,T,K,T,Y,F,P,H,F,D,V,S,H,G,S,A,Q,V,K,G,H,G,K,K,V,A,D,A,L,A,N,A,A,G,H,L,D,D,L,P,G,A,L,S,A,L,S,D,L,H,A,H,K,L,R,V,D,P,V,N,F,K,L,L,S,H,C,L,L,V,T,L,A,S,H,H,P,A,D,F,T,P,A,V,H,A,S,L,D,K,F,L,A,S,V,S,T,V,L,T,S,K,Y,R,
 ,0,0,0,0,0,0,0,0,0,0,0,0,0,0,0,0,0,0,0,0,0,0,0,0,0,0,0,0,0,0,0,0,0,0,0,0,0,0,0,0,0,0,0,0,0,0,0,0,0,0,0,0,0,0,0,0,0,0,0,0,0,0,0,0,0,0,0,0,0,0,0,0,0,0,0,0,0,0,0,0,0,0,0,0,0,0,0,0,0,0,0,0,0,0,0,0,0,0,0,0,0,0,0,0,0,0,0,0,0,0,0,0,0,0,0,0,0,0,0,0,0,0,0,0,0,0,0,0,0,0,0,0,0,0,0,0,0,0,0,0,0,0,0,
M,0,*5,1,2,0,0,0,0,0,0,0,1,0,0,0,0,0,0,1,0,0,0,0,0,0,0,0,0,0,0,2,0,0,5,0,0,0,0,0,0,0,0,0,0,0,0,0,0,0,1,0,0,0,0,0,0,1,0,0,0,0,0,0,1,0,0,0,2,0,0,0,0,0,0,2,0,0,2,0,0,0,2,0,0,2,0,0,2,0,0,0,0,2,0,1,0,0,1,0,0,0,2,2,0,0,0,2,2,1,0,2,0,0,0,0,0,0,0,0,0,0,0,1,0,0,0,2,0,0,0,2,0,0,1,0,0,1,2,0,0,0,0,0,
V,0,1,*9,2,0,0,0,0,0,0,0,3,0,0,0,2,0,0,3,0,0,0,0,0,0,0,0,0,0,0,1,0,0,1,4,0,0,0,0,0,0,0,0,0,0,0,0,0,0,4,0,0,0,0,0,0,4,0,0,0,0,0,0,4,1,0,0,1,2,0,0,0,0,0,1,0,0,1,0,0,0,1,0,0,1,0,0,1,0,0,0,0,1,0,4,0,0,4,0,0,0,1,3,0,0,0,1,3,6,1,1,2,0,0,0,0,0,0,0,0,0,0,4,2,0,0,1,0,0,0,1,2,0,4,0,0,4,2,2,0,0,0,0,
L,0,2,2,*13,3,0,0,0,0,0,0,2,1,0,0,0,0,0,2,0,0,0,0,0,0,0,0,0,0,0,4,0,0,2,1,3,0,0,0,0,0,0,0,0,0,0,0,0,0,1,2,0,0,0,0,0,1,2,0,0,0,0,0,1,3,0,0,4,0,0,0,0,0,0,4,0,0,4,0,0,0,4,0,0,4,0,0,4,0,0,0,0,4,0,1,0,0,1,1,0,0,4,5,1,0,0,4,5,4,5,5,0,0,0,0,0,0,0,0,0,0,0,1,1,1,0,4,0,0,0,4,0,0,1,2,0,1,8,1,0,0,0,0,
S,0,0,0,3,*17,7,0,0,0,4,1,0,2,2,1,0,0,0,0,2,0,0,0,1,0,0,0,1,0,1,0,4,0,0,0,2,7,0,0,1,1,0,1,0,0,0,0,0,0,0,5,1,0,4,1,0,0,1,2,0,0,0,0,0,2,3,1,0,5,1,1,1,0,0,0,4,0,0,3,1,1,0,8,1,0,8,0,0,3,1,0,0,0,3,0,1,0,0,2,0,0,0,2,9,0,0,0,2,3,5,3,6,4,0,0,0,1,0,0,1,0,1,0,0,2,5,0,4,0,0,0,5,4,0,5,3,0,0,9,5,0,0,0,
G,0,0,0,1,7,*23,13,3,0,0,4,0,0,2,2,0,6,0,0,6,8,0,6,0,0,0,6,0,0,0,0,0,2,0,0,0,2,4,0,0,0,0,0,0,0,0,0,0,0,0,0,3,7,0,4,0,0,0,7,0,6,0,0,0,0,1,3,0,0,5,1,1,7,0,0,0,3,0,0,9,1,0,0,8,0,0,7,0,0,3,0,0,0,0,0,0,0,0,0,0,0,0,0,2,7,0,0,0,0,1,1,3,6,2,0,0,0,0,0,0,0,0,0,0,0,2,1,0,2,0,0,0,5,1,0,3,0,0,0,9,3,0,0,
E,0,0,0,0,5,13,*28,26,16,6,0,1,1,0,1,0,0,7,0,0,4,8,0,5,5,0,0,5,5,0,0,5,0,0,0,0,0,0,3,0,0,1,0,0,0,0,0,0,2,0,0,0,1,7,0,6,0,1,0,7,0,7,1,0,0,2,0,0,0,0,4,0,0,7,0,2,2,0,0,0,8,0,0,0,5,0,2,4,0,0,3,1,0,0,0,2,0,0,0,0,1,0,0,0,2,3,0,0,0,0,0,0,3,6,2,0,0,2,0,0,0,0,0,0,0,0,0,3,1,0,0,0,0,3,1,0,1,0,0,0,10,1,0,
D,0,0,0,0,3,11,18,*34,32,30,20,10,0,0,0,0,0,0,4,0,0,3,7,0,7,2,0,0,7,3,0,2,3,0,0,0,0,0,0,2,0,0,0,0,0,0,0,0,6,0,0,0,0,1,5,0,3,0,0,0,6,0,6,0,0,6,0,0,0,1,0,2,0,0,3,6,8,0,0,0,0,4,0,0,0,5,6,0,3,0,0,2,0,0,0,6,1,0,1,0,0,0,0,0,0,0,0,0,0,0,0,0,0,2,5,1,0,6,0,0,0,0,0,0,0,0,0,6,2,0,0,0,0,0,3,0,0,0,0,0,0,7,0,
K,0,0,0,0,1,9,16,24,*39,37,35,33,23,13,3,0,0,5,0,2,0,0,1,6,1,5,0,0,1,6,1,1,4,2,0,0,0,0,0,0,1,5,0,0,0,0,0,0,0,4,0,0,0,0,0,6,0,8,0,0,0,11,5,4,0,0,5,0,0,0,0,0,0,0,0,2,5,6,0,0,0,0,4,0,0,0,4,4,0,2,0,5,0,2,0,0,5,0,0,0,5,0,0,0,0,0,0,0,0,0,0,0,0,0,1,4,0,0,3,0,0,0,0,0,0,0,0,0,11,1,0,0,0,0,0,2,0,0,0,0,5,0,9,
S,0,0,0,0,4,7,14,22,29,*43,41,39,37,35,33,23,13,3,3,0,2,0,0,2,6,0,5,1,0,2,4,1,0,3,0,1,4,0,0,1,1,1,6,0,0,0,0,0,0,0,8,0,0,4,1,0,4,0,8,0,0,1,11,3,5,0,1,3,1,1,1,1,0,0,0,0,2,3,5,0,1,0,4,5,0,4,0,2,3,1,1,0,3,0,0,0,0,3,1,0,0,3,0,4,0,0,0,0,0,1,0,1,4,0,0,0,5,0,0,4,0,1,0,0,1,4,0,0,1,9,0,1,4,0,4,1,0,0,1,4,0,3,0,
N,0,0,0,0,1,5,12,20,27,33,*49,47,45,43,41,39,37,35,25,15,5,3,0,0,2,4,0,3,1,0,0,4,1,0,0,0,2,1,0,0,1,1,1,4,0,0,1,0,1,0,1,9,0,1,2,1,0,4,0,9,0,0,1,8,1,6,0,0,1,7,0,0,1,1,0,1,1,0,1,5,0,0,1,2,2,1,5,0,3,1,2,1,0,3,0,1,0,0,9,0,0,0,0,1,5,0,0,0,0,0,0,0,2,5,1,0,0,6,0,0,2,0,0,1,0,2,1,1,0,0,6,0,2,1,1,4,0,0,0,2,4,0,3,
I,0,1,3,2,0,3,10,18,25,31,39,*53,51,49,47,45,43,41,39,37,35,25,15,5,0,1,0,0,0,0,2,0,1,2,0,0,0,2,0,0,0,0,0,0,4,0,0,1,0,4,0,0,5,0,0,0,4,0,0,0,5,0,0,4,7,0,5,2,0,0,6,0,0,0,3,0,0,3,0,0,4,2,0,0,4,0,0,7,0,2,0,0,3,0,6,0,0,3,0,9,0,2,2,0,0,4,2,2,3,0,2,0,0,0,2,0,0,0,6,0,0,1,3,0,0,0,4,0,0,0,2,5,0,5,0,0,7,2,0,0,0,3,0,
K,0,0,0,1,2,1,8,16,23,29,37,43,*58,56,54,52,50,48,38,37,35,34,32,30,20,10,0,0,1,0,0,3,2,0,0,0,0,0,1,0,0,5,0,0,0,3,0,0,0,0,4,2,0,5,0,1,0,9,0,0,0,10,5,0,3,6,0,3,1,0,0,5,0,0,0,2,0,0,2,0,0,2,2,0,0,4,0,0,6,0,1,5,0,5,0,5,0,0,3,0,14,4,0,2,0,0,2,0,0,2,0,1,0,0,0,1,0,0,0,5,0,0,0,2,0,0,0,3,5,0,0,1,5,0,5,0,0,5,1,0,5,0,5,
A,0,0,0,0,2,2,6,14,15,27,35,41,48,*62,60,58,56,49,47,38,37,33,34,36,34,32,30,20,10,5,0,0,2,1,0,4,1,0,0,1,0,0,5,0,0,0,1,0,0,0,1,2,2,1,9,0,1,0,9,0,0,0,9,5,4,1,10,0,7,0,4,4,5,0,0,0,0,0,0,2,4,0,3,6,0,1,2,0,0,10,0,0,4,0,5,0,4,0,0,1,4,13,3,1,0,0,0,1,0,0,1,4,2,0,0,0,5,0,0,0,4,4,0,0,6,1,0,0,2,3,0,4,2,5,1,5,0,0,5,2,0,3,0,
A,0,0,0,0,1,2,4,12,13,25,33,39,46,52,*66,64,62,55,48,47,38,35,33,38,36,34,32,34,32,22,12,2,0,1,0,4,5,0,0,0,1,0,0,3,0,0,0,0,0,0,1,0,2,3,5,8,0,0,0,7,0,0,0,9,9,2,5,9,4,5,4,8,4,3,0,0,0,0,0,0,6,3,1,7,5,1,0,1,0,4,8,0,0,3,0,3,0,4,0,0,2,3,12,4,0,0,0,0,1,0,0,5,5,0,0,0,4,3,0,0,0,8,4,0,4,7,0,0,0,0,2,4,5,2,6,1,5,0,0,6,1,0,2,
W,0,0,0,0,0,0,2,10,9,23,31,37,44,43,56,*67,65,59,52,46,45,36,33,30,35,38,32,29,31,29,27,25,15,5,2,0,1,6,0,0,0,0,0,2,4,0,0,1,0,0,0,0,0,0,0,3,5,0,0,0,5,0,0,0,6,5,0,3,6,0,2,1,6,2,1,0,0,0,0,0,0,4,0,0,5,2,0,0,0,0,2,5,0,0,0,0,0,0,0,1,0,0,2,9,2,0,0,0,0,0,0,0,2,3,0,0,0,0,4,0,0,0,5,2,0,1,5,0,0,1,0,0,1,2,0,4,0,3,0,0,3,3,0,
G,0,0,0,0,0,6,4,8,8,21,29,35,42,44,54,57,*73,63,55,58,52,43,42,33,28,32,44,34,27,31,29,27,25,23,13,3,0,0,4,0,0,0,0,0,0,2,0,0,0,0,0,0,6,0,0,0,0,3,6,0,6,3,0,0,0,5,5,0,3,6,0,2,7,4,0,0,0,0,0,6,0,0,4,0,0,5,1,0,0,0,0,0,1,0,0,0,0,0,0,0,0,0,0,2,7,0,0,0,0,0,0,0,0,0,1,0,0,0,0,2,0,0,0,3,2,0,0,4,0,0,0,0,0,0,2,0,1,0,1,0,0,0,1,
K,0,0,0,0,0,0,7,6,13,19,27,33,40,41,52,55,63,*78,68,58,56,51,41,41,34,26,34,43,35,26,29,30,29,27,25,23,13,3,0,3,0,5,0,0,0,0,1,0,0,0,0,0,0,6,0,1,0,5,1,5,0,11,8,6,0,0,4,3,0,3,5,0,0,6,2,0,0,0,0,0,5,0,0,3,0,0,4,0,0,0,0,5,0,3,0,0,0,0,0,0,5,0,0,0,1,4,0,0,0,0,0,0,0,0,0,0,0,0,0,0,1,0,0,0,2,2,0,0,9,0,0,0,0,0,0,1,0,0,0,1,5,0,2,
I,0,1,3,2,0,0,0,4,3,17,25,31,30,39,50,53,61,68,*82,80,70,60,50,40,38,33,32,33,40,34,28,26,27,30,28,26,24,22,12,2,2,0,4,0,0,0,0,1,0,3,0,0,0,0,5,0,4,0,1,0,1,1,8,11,5,0,0,6,2,0,2,4,0,0,8,0,0,2,0,0,0,7,0,0,5,0,0,6,0,0,0,0,7,0,6,0,0,3,0,0,0,7,2,0,0,0,6,2,3,0,2,0,0,0,0,0,0,0,0,0,0,0,3,0,0,0,4,0,0,9,2,0,0,3,0,0,4,2,0,0,0,4,0,
G,0,0,0,0,2,6,0,0,2,15,23,21,29,30,48,51,59,66,72,*88,86,84,82,72,62,52,50,40,31,40,30,26,24,24,27,28,26,24,22,20,10,0,0,1,0,0,0,0,0,0,3,0,6,0,0,3,0,2,6,0,6,4,0,5,11,4,0,0,6,2,0,2,10,0,0,7,0,0,0,6,0,0,7,0,0,5,0,0,4,0,0,0,0,5,0,5,0,0,3,0,0,0,3,2,0,0,0,2,0,1,0,2,0,0,0,0,0,0,0,0,0,0,0,1,0,0,0,3,1,0,5,2,0,0,3,0,0,0,0,0,0,0,2,
G,0,0,0,0,0,8,4,0,0,13,21,19,19,29,46,49,57,64,70,78,*94,92,90,88,86,84,82,80,70,60,50,40,30,21,21,27,28,26,24,22,20,10,0,0,0,0,0,0,0,0,0,1,6,6,0,0,0,0,8,4,6,4,2,0,5,10,4,0,0,6,2,0,8,8,6,0,6,0,0,6,6,4,0,7,0,0,4,0,0,4,0,0,0,0,2,0,3,0,0,0,0,0,0,3,0,0,0,0,0,0,0,0,2,0,0,0,0,0,0,0,0,0,0,0,1,0,0,0,1,0,0,5,2,0,0,1,0,0,0,0,0,0,0,
H,0,0,0,0,0,0,8,3,0,11,19,18,18,19,44,47,47,62,68,68,84,*102,92,90,88,88,86,84,82,80,78,76,74,64,54,44,34,32,30,28,26,24,22,12,2,0,8,0,0,0,0,8,0,5,4,0,0,0,0,16,6,5,3,0,0,4,8,1,0,1,4,0,0,16,14,5,0,3,0,0,4,3,3,0,4,0,0,1,8,0,12,2,0,0,0,1,0,0,1,0,0,0,0,0,11,1,0,0,0,0,0,0,0,10,8,0,0,0,0,0,0,0,0,8,0,0,0,0,0,0,0,0,4,0,0,0,0,0,0,0,0,2,0,
G,0,0,0,0,0,6,0,7,1,9,17,15,16,18,42,45,53,60,66,74,82,92,*108,106,96,86,94,92,90,88,86,84,82,80,78,76,74,72,70,68,66,64,62,60,58,48,38,28,18,8,0,0,14,4,5,2,0,0,6,6,22,12,3,0,0,0,4,4,1,0,1,4,6,6,12,13,4,0,1,6,0,0,3,3,0,4,0,0,0,8,2,10,8,0,0,0,0,0,0,0,0,0,0,0,1,8,0,0,0,0,0,0,0,0,8,6,0,0,0,0,0,0,0,0,8,0,0,0,0,0,0,0,0,1,0,0,0,0,0,0,0,0,0,
A,0,0,0,0,1,0,5,0,6,7,15,16,14,20,40,43,45,58,64,66,80,90,98,*112,110,108,98,98,96,94,92,90,88,86,84,82,80,78,76,74,72,70,68,66,64,62,60,58,56,54,44,34,24,22,12,4,2,0,0,4,12,21,11,3,4,0,4,3,8,0,4,5,4,4,5,10,11,3,0,1,10,0,1,7,2,1,2,0,0,4,6,1,9,7,0,0,0,0,0,0,0,0,0,1,0,1,7,0,0,0,0,4,1,0,0,7,10,0,0,0,0,4,0,0,4,9,0,0,0,0,0,4,1,0,2,0,0,0,0,1,0,0,0,
E,0,0,0,0,0,0,5,7,1,6,13,12,17,13,38,41,41,56,62,62,78,88,96,102,*117,115,113,103,103,95,93,97,95,93,91,83,82,80,78,76,74,73,71,69,67,65,63,61,60,58,56,54,52,50,48,38,28,18,8,0,10,13,22,12,2,6,0,1,2,8,0,3,3,4,1,7,12,8,2,0,0,7,0,0,4,2,3,0,0,0,4,7,0,9,5,2,0,0,0,0,1,0,0,0,1,0,0,4,0,0,0,0,4,2,0,0,6,12,2,0,0,0,2,0,0,4,6,2,1,0,0,0,4,0,0,1,0,0,0,0,2,0,0,
Y,0,0,0,0,0,0,0,2,5,0,11,12,10,15,36,39,38,54,60,59,76,86,94,100,107,*124,122,120,110,101,99,91,95,94,96,89,81,85,83,81,79,72,71,78,76,74,72,70,60,59,57,58,56,54,52,50,48,46,44,34,32,22,12,21,11,1,4,0,0,0,6,0,0,5,3,0,4,11,5,0,0,0,5,0,0,2,0,2,2,0,2,2,6,0,8,2,0,0,0,3,0,0,0,0,2,0,0,0,3,0,0,0,0,6,4,0,0,3,15,5,0,0,0,4,0,0,3,3,0,4,0,0,0,3,0,0,0,0,0,0,0,9,0,
G,0,0,0,0,0,6,0,0,0,5,9,7,10,10,34,34,45,52,58,66,74,84,92,98,105,114,*130,128,126,116,114,104,94,92,91,96,89,79,83,81,79,77,70,68,75,74,72,70,69,59,59,55,64,62,60,58,56,54,52,50,48,46,44,34,32,30,20,10,0,0,0,6,6,0,1,2,0,1,9,11,1,0,0,5,0,0,1,0,0,2,0,0,0,4,0,7,0,0,0,0,1,0,0,0,0,0,0,0,0,1,0,0,0,0,4,2,0,0,5,13,3,0,0,0,4,0,0,2,1,0,0,0,0,0,3,0,0,0,0,0,0,0,7,
A,0,0,0,0,1,0,5,0,0,1,7,8,6,14,32,31,35,50,56,58,72,82,84,96,103,112,120,*134,132,130,128,126,124,114,104,95,97,95,85,83,81,78,77,68,66,74,72,70,68,69,60,57,55,65,66,64,62,60,54,52,50,48,46,44,42,40,38,36,26,16,6,4,6,4,0,0,0,0,0,9,15,5,1,4,4,1,0,0,0,4,0,0,0,0,4,0,6,0,0,0,0,0,0,1,0,0,0,0,0,0,0,4,1,0,0,3,6,0,3,5,12,7,0,0,4,5,0,0,1,0,0,4,1,0,1,3,0,0,0,1,0,0,0,
E,0,0,0,0,0,0,5,7,1,0,5,4,9,5,30,29,33,48,54,54,70,80,80,86,101,110,118,124,*139,131,129,133,131,129,127,117,107,105,103,93,83,82,77,75,65,65,74,69,72,66,69,60,55,55,64,68,66,64,58,56,50,51,49,44,43,44,42,40,38,36,34,24,14,6,1,2,2,0,0,0,8,12,5,0,1,4,3,0,0,0,4,1,0,0,0,6,0,4,0,0,1,0,0,0,1,0,0,0,0,0,0,0,4,1,0,0,2,8,6,2,4,11,5,0,0,4,2,2,1,0,0,0,4,0,0,0,1,0,0,0,2,0,0,
A,0,0,0,0,1,0,0,3,6,2,3,4,3,13,28,27,31,46,52,54,68,78,80,84,91,108,116,122,129,*143,141,131,132,130,128,131,129,127,125,123,121,111,101,91,81,71,64,72,67,72,67,67,60,56,59,63,68,66,64,62,56,49,50,49,48,41,48,46,44,42,40,38,36,26,16,6,0,1,0,0,4,7,13,9,0,2,2,2,0,4,0,3,0,0,0,0,5,0,2,0,0,0,0,1,0,1,0,0,0,0,0,4,1,2,0,0,4,0,6,6,1,8,11,3,4,1,3,0,1,0,0,4,1,4,1,0,0,0,0,1,0,0,0,
L,0,2,1,4,0,0,0,0,1,4,2,5,2,3,26,26,29,44,50,48,66,76,74,79,89,106,114,115,127,133,*147,145,135,134,132,127,129,129,127,125,123,121,119,117,115,113,111,101,91,81,71,64,63,58,55,57,64,66,62,61,58,54,47,51,48,44,40,52,45,43,41,39,37,35,33,31,21,11,1,0,0,8,5,12,13,3,0,6,0,0,1,0,7,0,1,0,0,6,0,2,0,4,4,0,0,0,5,4,1,0,4,0,2,0,0,0,0,0,0,5,3,0,9,8,2,2,5,0,0,1,4,0,2,2,2,0,1,4,0,0,0,0,0,
E,0,0,0,0,4,0,5,2,1,1,4,0,6,4,24,23,27,42,48,48,64,74,74,73,87,104,112,113,125,131,137,*152,150,140,138,131,127,126,128,126,124,124,122,120,118,116,114,112,110,108,106,96,86,76,66,57,55,65,64,62,59,59,55,45,50,50,43,42,51,49,42,40,38,37,35,35,33,31,29,19,9,0,8,4,9,13,5,0,6,0,0,2,0,7,0,3,0,0,6,0,3,0,1,4,0,0,0,2,2,0,0,3,0,2,0,0,0,2,0,0,4,2,0,9,7,2,0,7,1,0,0,3,0,0,2,1,0,0,3,0,1,0,0,
R,0,0,0,0,0,2,0,3,4,0,1,1,2,5,22,21,25,40,46,46,62,72,72,73,85,102,110,111,123,129,135,142,*157,155,153,143,133,124,124,127,125,126,124,122,120,118,116,114,112,110,108,106,104,102,100,90,80,70,63,64,60,61,61,52,44,48,49,47,41,51,48,41,39,38,36,33,33,31,29,27,25,23,13,7,2,8,11,3,0,5,0,2,0,5,4,0,1,0,0,3,2,1,0,0,4,0,0,0,0,1,0,0,2,0,2,0,0,0,0,0,0,3,1,0,8,6,0,0,9,0,0,0,2,0,0,1,0,0,0,2,2,0,5,
M,0,5,1,2,0,0,0,0,2,3,0,2,0,1,20,21,23,38,44,43,60,70,69,71,83,100,108,109,121,127,133,140,147,*162,160,158,156,146,136,126,126,124,125,123,122,120,116,116,114,113,111,106,104,103,101,100,98,96,86,76,66,59,60,62,52,42,47,51,46,41,50,47,45,37,40,33,30,35,29,26,26,27,25,15,9,1,5,13,3,0,3,0,4,0,6,1,0,2,0,0,2,4,3,0,0,3,2,2,1,0,3,0,0,0,0,0,0,0,0,0,0,0,4,0,0,7,8,0,0,9,2,0,0,3,0,0,2,2,0,0,1,1,0,
F,0,0,4,1,0,0,0,0,0,0,0,0,0,0,18,21,21,36,42,41,58,68,67,67,81,98,106,106,119,125,131,138,145,152,*168,166,164,162,160,158,148,138,128,128,129,127,119,122,120,113,111,110,108,102,101,98,99,97,95,93,91,81,71,61,60,58,48,47,49,47,40,48,46,44,37,37,30,30,31,26,24,26,25,23,15,7,0,5,12,2,0,0,0,1,0,3,0,0,0,6,0,2,4,1,0,0,3,2,1,0,0,1,0,0,0,0,0,0,6,0,0,0,0,3,0,0,7,5,0,6,9,0,0,0,1,0,0,2,0,0,0,4,0,
A,0,0,0,3,2,0,0,0,0,1,0,0,0,4,16,15,21,34,40,42,56,66,68,71,79,96,104,110,117,123,129,136,143,150,158,*172,170,162,161,160,158,156,154,144,134,132,125,117,120,120,114,109,110,109,106,100,98,98,97,95,93,91,89,87,77,75,73,63,53,51,51,44,48,44,43,35,35,29,29,31,30,23,27,29,22,16,6,0,3,16,6,0,0,0,1,0,2,0,0,0,5,0,1,5,0,0,0,2,2,1,0,4,2,0,0,0,4,0,0,6,0,4,0,0,7,1,0,5,4,0,5,13,3,0,1,1,0,0,2,1,0,0,3,
S,0,0,0,0,7,2,0,0,0,4,2,0,0,1,14,13,15,32,38,40,54,64,66,69,77,94,102,105,115,118,127,134,141,148,156,162,*176,168,161,162,161,159,157,155,153,151,141,131,121,118,124,114,109,114,110,106,98,98,98,96,95,93,91,89,88,86,84,82,80,78,68,58,48,47,42,43,35,33,28,29,32,28,27,28,27,26,24,14,4,6,15,6,0,0,0,1,0,0,1,0,0,3,0,5,4,0,0,0,0,3,0,1,8,1,0,0,1,4,0,1,5,1,2,0,1,11,1,0,5,2,0,6,17,7,4,2,0,0,1,6,1,0,0,
F,0,0,0,0,0,4,0,0,0,0,1,2,0,0,12,15,10,30,36,35,52,62,61,64,75,92,100,100,113,113,125,132,139,146,154,160,166,*182,172,162,160,158,157,160,161,159,157,155,153,143,133,131,121,111,112,107,105,95,95,97,93,92,90,90,87,85,84,84,82,80,78,76,74,64,54,44,40,35,29,25,27,32,26,25,28,25,23,24,22,20,10,12,6,0,0,0,0,0,0,7,0,0,3,0,4,2,0,0,0,0,3,0,0,7,0,0,0,0,10,0,0,3,0,1,0,1,11,1,0,11,2,0,7,16,6,2,1,0,0,0,3,4,0,
P,0,0,0,0,0,0,3,0,0,0,0,0,1,0,10,8,13,28,34,34,50,60,60,60,73,90,98,99,111,112,123,130,137,144,144,158,164,172,*189,187,177,167,157,154,156,168,166,164,162,160,158,156,154,152,142,132,122,112,102,93,95,92,91,88,89,86,84,81,83,81,79,77,75,73,71,69,59,49,42,32,24,24,31,25,22,27,24,20,22,21,19,9,9,4,0,0,7,0,0,0,6,0,0,2,0,1,0,0,0,0,0,2,0,0,5,7,0,0,0,9,7,0,1,0,0,0,1,10,0,1,8,1,5,6,15,5,0,0,0,0,0,0,2,
T,0,0,0,0,1,0,0,2,0,1,0,0,0,1,8,8,6,26,32,32,48,58,58,60,71,88,96,98,109,111,121,128,135,142,142,156,162,170,179,*194,192,190,180,170,160,158,166,164,163,162,161,159,157,155,153,151,149,147,145,135,125,115,105,95,88,88,86,83,81,83,81,79,77,75,73,71,69,67,57,55,45,35,25,31,24,23,26,23,18,22,20,18,8,8,4,0,0,7,0,0,0,5,0,1,0,0,0,0,0,5,0,0,3,0,0,4,7,0,0,5,8,7,0,0,0,1,0,0,9,7,0,8,6,5,7,20,10,0,5,1,0,0,0,
T,0,0,0,0,1,0,0,0,1,1,1,0,0,0,6,6,6,24,30,30,46,56,56,58,69,86,94,96,107,109,119,126,133,140,140,154,160,168,177,184,*199,197,195,193,191,189,179,169,163,163,163,161,159,158,156,154,152,150,148,146,144,142,140,138,128,118,108,98,88,81,83,81,79,77,75,73,71,69,67,65,63,61,51,41,31,25,22,25,21,18,20,19,17,7,8,3,0,0,7,0,0,0,4,1,0,0,0,0,0,5,4,0,1,1,0,0,4,6,0,5,4,8,7,0,0,1,0,0,0,7,6,0,9,6,6,12,20,18,8,6,0,0,0,
K,0,0,0,0,0,0,1,0,5,1,1,0,5,0,4,3,4,22,28,28,44,54,54,55,67,84,92,93,105,106,117,124,131,138,137,152,158,166,175,176,189,*204,196,194,192,190,188,186,176,166,163,162,160,159,157,157,155,157,155,153,151,149,147,145,143,141,139,137,135,125,115,105,103,101,99,97,95,93,91,89,87,85,83,81,79,69,59,49,39,29,19,25,17,19,9,7,2,0,0,4,5,0,0,4,0,0,0,0,0,0,3,3,0,0,0,0,0,3,3,0,4,3,6,6,0,0,0,0,5,0,5,5,0,7,6,5,10,18,17,8,11,1,2,
T,0,0,0,0,1,0,0,0,0,6,1,0,0,5,3,2,1,20,26,26,42,52,52,54,65,82,90,92,103,105,115,122,129,136,136,150,156,164,173,180,187,194,*209,207,205,195,188,186,185,183,173,163,161,161,159,156,157,154,155,153,151,150,148,147,145,143,141,139,137,135,133,131,129,127,125,123,121,119,117,115,113,111,109,107,105,103,101,99,97,95,93,83,73,63,61,51,41,31,21,11,3,4,0,1,2,0,0,0,0,5,0,3,4,0,0,0,0,0,1,8,0,4,3,4,6,1,0,0,0,3,0,5,6,0,8,11,5,9,23,18,8,9,0,
Y,0,0,0,0,0,0,0,0,0,0,4,0,0,0,3,4,0,18,24,23,40,50,49,50,63,80,88,88,101,101,113,120,127,134,139,148,154,162,171,171,185,192,199,*216,214,212,202,192,183,184,182,180,178,168,159,158,155,155,151,157,150,149,148,147,145,143,141,140,137,135,133,131,129,131,129,127,125,123,121,119,117,115,113,111,109,107,105,103,101,99,97,95,93,91,89,87,85,83,81,79,69,59,49,39,29,19,9,0,0,0,4,0,1,6,2,0,0,0,3,0,5,0,3,5,2,4,0,0,0,3,2,0,3,5,0,6,10,4,13,21,19,15,7,
F,0,0,0,0,0,0,0,0,0,0,0,4,0,0,0,4,1,16,22,21,38,48,47,47,61,78,86,86,99,99,111,118,125,132,140,146,152,160,169,169,183,190,197,206,*222,220,218,216,206,196,194,192,190,188,178,168,158,152,152,150,154,147,146,147,145,143,141,141,138,134,133,131,129,128,131,129,127,125,123,121,119,117,115,113,111,109,107,105,102,100,98,96,95,93,91,89,87,85,83,87,85,83,81,79,77,75,73,63,53,43,33,23,13,3,5,0,0,0,6,1,0,3,0,2,3,0,4,0,0,6,3,0,0,2,3,0,5,10,11,11,18,22,12,
P,0,0,0,0,0,0,0,0,0,0,0,0,3,0,0,0,2,14,20,20,36,46,46,46,59,76,84,85,97,98,109,116,123,130,130,144,150,150,167,168,181,188,195,204,212,*229,227,225,223,221,219,217,215,213,211,209,207,197,187,177,167,157,147,144,146,144,142,138,140,136,133,132,130,127,125,130,128,124,132,130,128,118,116,114,110,110,108,104,103,101,98,97,93,93,91,90,96,94,92,82,86,84,82,80,78,76,74,72,70,68,66,64,62,60,50,40,30,20,10,5,8,0,1,0,1,2,0,3,0,0,3,2,0,0,1,2,0,2,9,10,10,15,20,
H,0,0,0,0,0,0,0,0,0,0,1,0,0,1,0,0,0,12,18,18,34,44,44,44,57,74,82,82,95,95,107,114,121,128,129,142,148,149,157,165,179,186,193,202,210,219,*237,235,233,231,229,227,225,223,221,219,217,215,213,211,209,207,205,195,185,175,165,155,145,141,134,131,130,138,128,124,129,125,122,130,128,126,117,114,111,109,109,105,112,102,109,99,94,93,90,90,88,93,95,93,83,83,81,81,88,86,84,82,80,78,76,74,72,70,68,66,64,62,60,50,40,30,20,10,0,0,0,0,2,0,0,1,1,0,0,0,0,0,0,8,9,12,15,
F,0,0,0,0,0,0,0,0,0,0,0,1,0,0,0,1,0,10,16,15,32,34,41,42,55,72,80,80,93,93,105,112,119,126,134,140,146,154,155,155,177,184,191,200,208,217,227,*243,241,239,237,228,226,224,222,220,218,216,214,212,210,208,206,204,202,200,198,196,194,184,174,164,154,144,142,132,122,129,121,120,128,128,124,115,114,109,106,109,104,110,101,106,99,91,92,87,86,87,90,101,99,89,83,79,80,86,86,84,82,80,78,76,74,71,69,67,65,63,68,66,64,62,60,58,56,46,36,26,16,8,0,0,0,0,0,0,0,0,0,0,5,12,9,
D,0,0,0,0,0,0,2,6,0,0,1,0,0,0,0,0,0,8,14,15,30,32,33,39,53,70,78,78,91,91,103,110,117,124,124,138,144,144,153,154,175,182,189,198,198,215,225,233,*249,247,245,236,234,232,230,228,218,217,215,213,211,209,207,203,202,208,206,204,202,200,198,196,194,192,190,188,186,176,166,164,154,144,134,124,114,114,115,105,108,102,109,100,102,97,88,98,88,83,88,91,100,98,88,83,78,77,82,82,81,81,76,76,76,73,70,68,66,71,61,67,65,63,61,59,57,56,54,52,50,40,30,20,10,0,0,0,0,0,0,0,0,2,10,
V,0,1,4,1,0,0,0,0,4,0,0,4,0,0,0,2,0,6,12,11,28,30,29,33,51,68,76,78,89,91,101,108,115,122,123,136,142,143,143,153,173,180,187,196,197,213,223,231,239,*253,251,242,240,238,236,234,232,222,214,212,210,209,207,211,203,199,208,207,205,203,201,199,197,195,193,191,189,187,185,183,181,179,177,175,173,163,153,151,141,131,121,111,101,99,101,91,96,92,82,89,90,101,99,89,80,77,78,83,86,81,82,76,74,73,70,68,68,63,70,61,65,65,67,58,59,55,57,55,53,51,49,47,45,43,33,23,13,3,0,0,0,0,0,
S,0,0,0,2,5,0,0,0,0,8,1,0,4,1,1,0,2,4,10,12,26,28,30,30,49,66,74,77,87,90,99,106,113,120,120,134,140,140,142,144,171,178,185,194,194,211,221,229,237,243,*257,250,248,246,244,242,232,232,222,213,212,210,209,205,212,203,200,206,208,206,204,202,200,198,193,193,191,187,186,185,184,182,183,181,179,177,175,173,171,169,167,165,155,145,135,133,123,113,111,109,107,97,99,103,93,83,75,76,81,87,79,83,80,73,72,69,69,68,61,71,61,66,63,66,59,63,53,57,55,53,51,50,51,49,47,45,43,41,31,21,11,1,0,
H,0,0,0,0,1,3,0,0,0,0,9,0,0,2,0,0,0,2,8,8,24,34,26,28,47,64,72,72,85,85,97,104,111,118,119,132,133,139,138,140,169,176,183,192,193,209,219,227,235,241,247,*265,263,261,259,257,247,237,230,230,220,211,209,206,203,211,201,197,204,209,204,202,200,208,198,192,192,188,185,184,183,181,181,181,179,178,176,174,181,179,177,175,173,171,169,167,165,163,161,159,157,155,145,135,133,131,121,111,101,91,84,77,82,88,81,71,67,68,67,61,69,59,63,71,64,58,60,52,56,54,52,49,49,48,48,46,44,42,40,38,36,34,24,
G,0,0,0,0,0,7,1,0,0,0,0,5,0,0,2,0,6,4,6,14,22,24,40,30,45,62,70,72,83,85,95,102,109,116,115,130,132,130,137,136,167,174,181,190,189,207,209,225,233,239,245,255,*271,269,267,265,263,261,251,241,239,229,219,209,206,202,211,201,197,204,209,204,208,198,204,197,191,188,186,191,184,179,181,181,179,179,177,175,172,181,177,175,173,171,169,168,166,164,163,161,159,157,155,153,151,149,147,145,143,141,131,121,111,101,91,89,79,69,65,65,59,69,59,61,71,64,54,59,50,53,51,52,49,46,48,46,44,42,40,40,38,36,34,
S,0,0,0,0,4,0,7,1,0,4,1,0,5,1,1,0,0,6,4,6,20,22,30,41,43,60,62,71,81,84,93,100,107,114,114,128,134,130,129,138,165,172,179,188,188,205,207,223,231,237,243,253,261,*275,273,271,269,267,265,263,261,259,257,255,245,235,225,223,213,203,205,210,204,207,197,204,197,189,187,186,192,182,183,182,180,183,179,177,174,173,180,177,175,172,170,169,167,165,165,163,161,159,157,159,157,155,153,151,149,147,145,143,141,139,137,135,133,131,121,111,101,91,89,79,69,75,65,55,59,49,51,52,56,47,50,49,47,45,43,44,42,40,38,
A,0,0,0,0,1,4,0,5,0,1,2,0,0,9,5,0,0,0,5,4,18,20,28,34,41,58,60,66,79,85,91,98,105,112,112,126,129,132,129,129,163,170,177,186,186,203,205,221,229,235,238,251,259,265,*279,277,275,273,271,269,267,265,263,261,259,257,255,253,251,249,239,229,219,209,207,197,202,196,188,187,190,191,183,187,185,181,181,179,175,178,171,179,177,174,172,168,168,167,163,163,162,160,158,158,157,157,155,153,151,149,147,149,147,145,143,141,139,137,135,133,131,129,127,125,123,113,111,109,99,97,87,77,67,57,48,50,49,47,45,44,43,41,39,
Q,0,0,0,0,0,0,6,0,6,0,1,0,1,0,8,3,0,1,0,3,16,18,26,27,39,56,56,59,77,78,89,96,103,110,109,124,126,126,131,128,161,168,175,184,183,201,203,219,227,233,235,249,257,263,269,*284,282,280,278,276,274,272,270,268,260,259,257,255,253,251,249,247,245,243,241,239,229,219,209,199,189,188,191,182,185,185,181,179,179,174,178,172,177,178,172,172,167,166,167,160,164,160,158,158,158,154,155,153,151,150,148,146,149,147,145,143,140,139,137,135,133,131,129,127,125,123,121,119,117,115,113,111,109,107,97,87,77,75,65,55,45,43,42,
V,0,1,4,1,0,0,0,3,0,4,0,4,0,1,0,10,0,0,4,0,14,13,24,26,37,54,53,56,75,77,87,94,101,108,109,122,122,125,124,131,159,166,173,182,183,199,198,217,225,231,231,247,255,261,267,274,*288,286,284,282,280,278,276,274,268,258,259,258,256,250,251,249,247,245,244,242,240,238,236,234,232,222,212,202,192,183,182,182,176,179,171,176,173,174,182,172,170,171,163,166,158,165,161,156,155,157,155,156,157,151,151,148,144,146,144,143,143,137,138,137,135,133,135,126,127,123,124,122,120,118,116,114,112,113,111,109,107,105,103,101,91,89,79,
K,0,0,0,2,1,0,1,0,8,0,4,0,9,0,0,0,8,5,0,2,12,13,22,23,35,52,52,52,73,74,85,92,99,106,105,120,122,119,124,123,157,164,171,180,179,197,198,215,223,223,231,245,253,259,265,272,278,*293,291,289,287,285,283,274,273,271,261,257,257,256,249,250,248,246,243,243,241,239,237,235,233,231,229,227,225,215,205,195,185,175,178,176,174,175,172,181,171,168,171,161,171,161,163,161,155,152,155,153,154,156,149,150,148,143,145,143,142,142,134,137,136,134,131,134,125,127,121,123,127,125,116,115,114,110,113,111,109,107,105,103,106,104,102,
G,0,0,0,0,2,7,0,0,0,8,0,0,0,9,0,0,6,6,1,6,10,10,20,22,33,50,58,52,71,73,83,90,97,104,103,118,120,119,117,122,155,155,169,178,177,195,195,213,221,220,223,243,251,257,263,270,276,283,*299,297,295,285,283,280,274,272,271,261,257,257,256,249,256,246,242,242,242,240,237,243,235,233,231,229,227,225,223,221,219,209,199,189,179,172,172,171,179,169,168,168,161,167,157,163,159,152,148,151,150,152,152,149,150,146,141,143,143,141,139,132,135,136,131,129,134,125,123,120,121,124,121,116,115,111,110,111,109,107,105,105,101,103,102,
H,0,0,0,0,0,0,7,0,0,0,9,0,0,0,7,0,0,5,3,0,8,18,18,18,31,48,48,56,69,69,81,88,95,102,103,116,117,119,117,115,153,154,167,176,177,193,203,211,219,218,219,241,241,255,261,268,274,281,289,*307,297,294,284,280,278,273,270,268,259,258,255,254,247,264,254,244,241,239,238,235,241,239,232,229,227,226,224,222,229,227,225,223,221,211,201,191,181,179,170,167,167,158,164,156,171,161,151,145,148,148,149,150,148,158,154,144,141,142,140,137,130,133,133,139,129,133,123,122,119,120,121,119,115,112,110,108,108,106,105,104,104,103,103,
G,0,0,0,0,0,6,0,6,0,0,0,5,0,0,0,5,6,0,1,9,7,8,24,18,29,46,54,48,67,69,79,86,93,100,99,114,116,114,117,115,151,151,165,174,173,191,193,209,217,216,218,239,247,253,259,266,272,279,287,297,*313,303,293,283,280,277,273,266,268,259,258,255,260,254,260,258,248,238,237,244,235,237,239,232,230,227,225,223,220,229,227,225,223,221,219,217,215,213,203,193,183,173,163,164,161,168,166,156,146,146,144,149,150,148,156,154,144,140,139,138,135,130,130,131,139,129,129,122,120,116,116,121,119,112,112,108,105,104,104,105,102,101,101,
K,0,0,0,0,0,0,7,0,11,1,0,0,10,0,0,0,3,11,1,0,7,6,14,23,27,44,44,53,65,66,77,84,91,98,97,112,114,113,113,116,149,156,163,172,171,189,191,207,215,215,216,237,237,251,257,264,270,277,277,295,303,*318,316,314,304,294,284,274,265,268,258,257,253,259,252,259,257,255,245,235,243,233,237,238,236,230,226,224,222,219,228,232,230,228,226,224,222,220,218,216,214,212,210,200,198,188,186,184,182,172,162,152,149,149,147,155,153,143,137,138,137,134,128,129,130,139,129,128,127,117,114,115,121,117,112,111,106,103,103,104,110,100,103,
K,0,0,0,0,0,0,1,6,5,11,1,0,5,9,0,0,0,8,8,0,0,6,12,13,25,42,42,43,63,64,75,82,89,96,95,110,112,111,112,112,147,154,161,170,169,187,189,205,213,213,215,235,235,249,255,262,268,275,275,293,301,308,*323,321,319,317,315,313,303,293,283,273,263,253,257,251,258,256,254,244,234,241,233,236,236,236,229,227,223,221,218,233,231,232,230,228,226,224,222,220,221,219,217,215,213,211,209,207,205,203,201,199,189,179,169,159,154,152,142,136,137,136,132,127,128,130,137,128,133,124,115,113,115,119,117,111,109,104,102,103,109,108,102,
V,0,1,4,1,0,0,0,0,4,3,8,4,0,5,9,2,0,0,11,5,0,0,10,12,23,40,39,42,61,63,73,80,87,94,95,108,108,111,109,112,145,145,159,168,169,185,187,203,211,217,211,233,232,247,253,260,266,266,272,291,299,299,313,*327,325,323,321,319,317,315,313,311,309,307,297,287,277,275,265,263,253,243,239,233,237,234,233,231,224,223,218,223,234,228,236,234,232,230,228,226,218,222,220,218,216,214,212,210,211,209,207,205,203,201,199,197,187,177,175,165,155,145,140,130,127,126,131,134,126,132,125,115,111,119,117,117,115,110,104,100,101,108,105,
A,0,0,1,3,2,0,0,0,0,5,1,7,3,4,9,6,2,0,1,11,5,0,8,14,21,38,40,43,59,65,71,78,85,92,92,106,109,106,110,109,143,144,157,166,166,183,185,201,209,211,218,231,233,245,251,258,260,265,266,289,297,298,311,317,*331,329,327,325,323,321,319,317,315,313,311,309,307,305,303,301,299,297,287,277,267,257,247,245,235,228,221,221,224,233,228,234,233,232,230,228,225,217,221,221,219,217,213,211,210,211,209,211,209,207,205,203,201,199,197,195,193,191,181,179,169,159,149,139,133,124,131,129,119,111,120,117,117,114,110,105,99,99,107,
D,0,0,0,0,3,1,2,6,0,0,6,0,6,1,2,5,5,1,0,1,10,4,6,6,19,36,37,38,57,57,69,76,83,90,89,104,106,106,105,109,141,142,155,164,163,181,183,199,207,206,211,229,230,243,243,256,255,259,264,287,295,296,309,315,321,*337,327,325,323,324,319,317,316,314,312,317,315,313,311,309,307,305,303,301,299,297,295,293,291,281,271,269,267,257,247,237,233,230,233,231,227,221,213,221,220,218,213,209,208,209,207,207,211,209,207,205,201,207,205,203,201,199,197,195,193,191,189,187,177,167,157,147,145,135,125,119,114,113,113,110,104,96,97,
A,0,0,0,0,1,3,0,0,5,1,0,5,0,10,5,0,5,4,2,0,1,8,6,10,17,34,36,41,55,61,67,74,81,88,88,102,105,104,105,105,139,140,153,162,162,179,181,197,197,207,207,227,229,241,247,254,256,254,259,285,293,294,307,313,319,327,*341,339,329,321,328,323,317,314,313,310,315,314,312,311,313,311,309,307,305,303,301,299,297,295,293,291,289,287,285,283,273,263,253,251,241,231,221,214,219,220,217,212,209,208,208,211,208,209,207,206,209,199,205,205,203,205,203,201,199,197,195,193,191,189,187,185,183,181,179,169,159,149,139,129,119,109,99,
L,0,2,1,4,0,0,0,0,0,3,0,2,3,0,9,3,0,3,6,0,0,0,4,5,15,32,30,35,53,54,65,72,79,86,88,100,100,105,101,104,137,137,151,160,162,177,179,195,193,198,205,225,223,239,240,252,255,254,250,283,291,291,305,311,312,325,331,*345,338,328,320,327,319,314,318,309,306,319,311,308,310,317,315,308,311,309,307,305,303,296,294,292,295,293,291,289,287,285,283,281,279,277,275,265,255,245,235,225,215,208,212,207,209,205,206,204,205,205,199,204,202,202,206,204,200,198,201,199,197,195,193,191,189,187,185,183,181,179,177,175,173,171,169,
A,0,0,2,0,5,0,0,0,0,1,1,0,1,7,4,6,3,0,2,6,0,0,0,8,13,30,32,34,51,57,55,70,77,84,84,98,101,98,104,101,135,136,149,158,158,175,177,193,193,193,199,223,225,237,243,250,252,254,254,281,289,290,303,309,315,323,329,335,*349,347,337,327,327,317,313,316,307,309,318,311,312,309,318,319,309,312,310,306,304,307,305,303,293,294,293,291,289,287,285,283,281,279,277,276,274,272,270,268,266,256,246,236,226,216,206,205,208,203,203,199,203,206,202,204,208,206,197,199,198,196,194,197,195,193,191,189,187,185,183,181,179,177,175,
N,0,0,0,0,1,5,0,1,0,1,7,0,0,0,5,0,6,3,0,2,6,1,0,0,11,28,30,30,49,49,54,68,75,82,81,96,99,98,96,104,133,135,147,156,155,173,176,191,194,190,194,221,223,235,235,248,247,252,254,279,287,289,301,307,307,321,321,333,339,*355,353,351,341,331,321,314,317,315,308,318,309,309,310,316,316,310,313,307,307,302,308,306,304,294,291,294,292,286,293,291,289,287,285,278,277,275,273,271,269,267,265,263,261,259,257,247,237,227,217,207,197,201,203,203,202,209,203,198,199,197,193,192,198,196,194,192,190,188,186,184,182,180,178,
A,0,0,0,0,1,1,4,0,0,1,0,6,0,4,4,2,0,5,2,0,2,4,1,4,9,26,28,34,47,53,48,66,73,80,80,94,97,97,97,96,131,132,145,154,154,171,171,189,189,194,191,219,221,233,239,246,248,246,252,277,285,286,299,305,311,319,325,331,337,345,*359,357,355,353,351,341,331,329,327,317,322,312,310,314,315,317,308,312,305,311,301,307,305,303,294,289,293,292,284,291,290,288,286,286,276,277,275,273,271,269,267,269,267,265,263,261,259,257,255,253,243,233,223,213,207,203,208,201,197,197,196,197,193,198,197,195,193,191,189,187,185,183,181,
A,0,0,0,0,1,1,0,2,0,1,0,0,5,4,8,1,2,0,4,2,0,0,4,5,7,24,26,32,45,51,52,64,71,78,78,92,95,95,96,97,129,130,143,152,152,169,169,187,187,189,195,217,219,231,237,244,246,247,246,275,283,284,297,303,309,317,323,329,335,343,349,*363,361,359,357,355,353,351,349,347,337,335,325,315,313,316,315,307,310,309,309,300,306,304,303,293,288,293,290,282,290,289,287,287,284,276,276,274,273,271,269,271,270,268,266,264,265,263,261,259,257,255,253,251,241,231,221,211,201,195,196,200,198,193,199,197,195,193,191,190,188,186,184,
G,0,0,0,0,0,7,0,0,0,0,1,0,0,5,4,6,7,0,0,10,8,0,6,4,5,22,30,26,43,45,47,62,69,76,75,90,92,92,93,94,127,127,141,150,149,167,167,185,186,184,189,215,223,229,231,242,241,244,253,273,281,281,295,301,303,315,317,327,329,341,343,353,*369,367,365,363,361,359,357,355,353,351,349,347,337,327,317,311,305,310,307,307,297,304,301,302,292,285,293,287,280,286,285,287,285,281,272,272,271,271,269,269,271,269,267,265,264,264,262,260,258,257,255,253,251,249,247,245,243,233,223,213,203,195,193,197,194,192,191,191,189,187,185,
H,0,0,0,0,0,0,7,0,0,0,1,0,0,0,3,2,4,6,0,0,8,16,6,4,4,20,20,28,41,41,42,60,67,74,75,88,89,91,90,91,125,126,139,148,149,165,175,183,184,183,183,213,213,227,227,240,239,240,243,271,271,280,293,299,299,313,313,325,325,339,339,351,359,*377,375,373,371,369,367,357,355,353,351,349,347,345,343,333,323,313,318,308,306,297,301,300,300,290,286,292,286,277,283,284,295,285,278,269,269,269,268,267,268,279,277,275,265,263,263,261,259,256,254,263,253,251,249,247,245,243,241,239,237,227,217,207,197,195,190,190,190,191,189,
L,0,2,1,4,0,0,0,3,0,0,0,3,0,0,0,1,0,2,8,6,0,6,12,5,1,18,16,19,39,40,45,58,65,72,74,86,86,89,88,89,123,123,137,146,148,163,165,181,179,185,181,211,209,225,226,238,241,237,241,269,267,270,291,297,298,311,312,323,324,337,338,349,357,367,*381,379,377,375,373,371,369,367,365,363,361,359,357,355,353,351,341,339,337,327,317,307,297,301,291,286,290,290,281,281,285,294,289,282,272,268,273,267,265,269,276,274,274,264,263,262,260,258,257,253,262,260,258,256,254,252,250,248,246,244,242,240,238,236,226,216,206,196,194,
D,0,0,0,0,4,0,2,6,2,0,1,0,2,0,0,0,0,0,0,7,5,4,5,10,7,16,17,14,37,37,36,56,63,70,69,84,86,83,88,87,121,122,135,144,143,161,163,179,187,177,185,209,210,223,223,236,235,240,239,267,268,268,289,295,295,309,309,321,321,335,335,347,355,365,371,*387,385,375,374,372,370,368,367,365,363,361,365,363,361,359,357,355,353,351,349,347,337,327,325,315,305,295,286,281,283,284,290,285,283,273,264,271,267,267,268,275,272,280,270,262,261,258,255,256,252,262,260,264,262,260,258,256,254,252,250,248,246,244,242,240,238,236,234,
D,0,0,0,0,0,3,2,8,5,2,1,0,0,0,0,0,0,0,0,0,6,4,3,3,12,14,15,15,35,35,33,54,61,68,67,82,84,83,82,87,119,120,133,142,141,159,161,177,185,184,177,207,208,221,221,234,233,234,239,265,266,267,287,293,293,307,307,319,319,333,333,345,353,363,369,377,*393,391,381,373,371,369,368,366,364,363,367,365,363,361,359,357,355,353,351,355,353,351,349,347,345,343,333,323,321,319,309,299,297,295,285,275,271,269,266,267,273,278,277,269,261,259,255,254,254,252,258,266,264,262,260,258,256,254,252,250,248,246,244,242,240,238,236,
L,0,2,1,4,0,0,0,0,6,3,0,3,0,0,0,0,0,0,2,0,0,3,0,2,2,12,10,14,33,34,39,52,59,66,68,80,80,84,80,81,117,117,131,140,142,157,159,175,175,186,182,205,203,219,220,232,235,231,230,263,261,264,285,291,292,305,306,317,318,331,332,343,351,361,367,367,383,*397,395,385,383,381,371,369,370,362,359,371,369,367,365,363,361,359,357,347,352,354,352,350,348,349,347,345,343,341,339,337,335,333,331,329,319,317,307,297,287,277,278,276,266,260,260,252,253,252,256,256,264,264,266,264,256,257,252,251,251,252,250,242,240,239,237,
P,0,0,0,0,3,0,0,0,0,5,1,0,2,0,0,0,0,0,0,0,0,0,1,0,1,10,10,9,31,32,31,50,57,64,62,78,79,76,91,81,115,116,129,138,136,155,157,173,174,176,185,203,203,217,218,230,230,234,229,261,261,260,283,289,290,303,304,315,316,329,330,341,349,359,358,366,381,387,*404,402,400,398,396,394,384,374,364,361,369,368,366,364,360,359,357,356,354,350,352,350,349,345,346,346,344,342,340,338,336,334,332,330,328,326,324,322,320,318,308,298,288,278,268,258,251,252,249,255,255,260,261,265,263,254,256,251,249,248,251,249,241,237,237,
G,0,0,0,0,0,9,0,0,0,0,5,0,0,2,0,0,6,0,0,6,6,0,6,1,0,8,16,10,29,31,28,48,55,62,61,76,78,76,81,89,113,113,127,136,135,153,155,171,172,174,176,201,209,215,217,228,227,228,240,259,267,259,281,287,289,301,303,313,315,327,329,339,347,357,355,357,379,385,394,*410,408,406,404,402,400,398,396,394,384,374,372,364,360,358,356,356,354,351,350,349,348,345,341,346,344,342,340,338,336,334,332,332,330,328,326,324,322,320,318,316,314,312,310,300,290,280,270,260,253,252,256,261,265,260,254,254,248,245,246,251,247,238,235,
A,0,0,0,0,1,0,8,0,0,1,0,4,0,4,6,0,0,5,0,0,6,4,0,10,0,6,8,20,27,33,30,46,53,60,60,74,77,76,79,81,111,112,125,134,134,151,153,169,169,172,175,199,201,213,219,226,228,226,230,257,259,266,279,285,291,299,305,311,317,325,331,337,339,355,356,353,377,383,392,400,*414,412,410,408,406,404,402,400,398,396,394,384,374,364,358,354,355,354,349,348,348,347,344,342,344,344,342,340,338,336,334,336,333,331,329,327,328,326,324,322,320,318,316,314,312,310,308,306,296,286,276,266,262,265,261,254,254,247,245,247,250,245,237,
L,0,2,1,4,0,0,0,4,0,0,0,2,2,0,3,4,0,0,7,0,0,3,0,0,7,5,2,10,25,26,37,44,51,58,60,72,72,77,77,78,109,109,123,132,134,149,151,167,165,170,170,197,195,211,212,224,227,226,228,255,253,257,277,283,284,297,298,309,310,323,324,335,333,353,359,352,375,381,390,398,404,*418,416,409,412,410,408,406,404,402,400,398,396,394,384,374,364,356,351,349,346,352,351,342,339,343,348,346,341,337,340,333,334,332,330,328,326,324,326,324,322,319,319,317,315,313,314,312,310,308,306,304,294,284,274,264,255,258,248,243,245,249,243,
S,0,0,0,0,8,0,0,0,4,4,1,0,2,3,1,0,4,0,0,7,0,0,3,1,0,5,5,8,23,26,27,42,49,56,56,70,76,70,76,78,107,109,121,130,130,147,149,165,167,163,174,195,197,209,212,222,222,227,226,253,255,253,275,281,284,295,298,299,310,321,324,333,335,351,351,359,373,373,388,396,402,408,*422,417,407,416,414,406,405,405,403,401,399,397,395,393,391,381,371,361,351,344,350,355,345,338,341,346,344,342,335,341,337,335,333,331,329,326,322,327,325,323,317,318,318,319,311,314,312,310,308,307,308,306,304,302,292,282,280,270,260,250,248,
A,0,0,0,0,1,8,0,0,0,5,2,0,0,6,7,0,0,3,0,0,7,0,0,7,0,0,5,9,21,27,25,40,47,54,54,68,71,74,69,76,105,106,119,128,128,145,147,163,163,167,164,193,195,207,213,220,222,221,227,251,253,254,273,279,285,293,299,297,303,319,325,331,333,349,350,349,371,372,386,394,400,406,412,*426,416,408,414,413,404,409,407,405,403,401,399,397,395,393,391,389,387,377,367,357,355,345,337,340,346,344,341,339,342,340,338,336,335,327,324,322,326,329,323,315,322,319,318,309,313,311,309,312,308,308,307,305,303,301,299,297,295,293,283,
L,0,2,1,4,0,0,5,0,0,0,2,4,0,0,5,5,0,0,5,0,0,4,0,0,4,0,0,4,19,20,31,38,45,52,54,66,66,71,71,68,103,103,117,126,128,143,145,161,159,164,165,191,189,205,206,218,221,220,217,249,247,251,271,277,278,291,292,303,296,317,318,329,327,347,353,346,369,375,384,392,393,404,410,416,*430,420,410,418,410,403,406,405,409,407,405,403,401,399,397,395,393,391,389,387,385,375,365,355,345,345,348,340,337,339,337,335,335,331,327,323,319,325,330,320,314,320,323,314,307,313,315,308,310,309,306,306,306,307,305,303,301,299,297,
S,0,0,0,0,8,6,0,5,0,4,1,0,4,1,1,2,5,0,0,5,3,0,4,1,0,2,0,1,17,20,21,36,43,50,50,64,70,64,70,72,101,103,115,124,124,141,143,159,161,157,168,189,191,203,206,216,216,221,220,247,249,247,269,275,278,289,292,293,304,315,318,327,329,345,345,353,367,367,382,390,393,394,408,414,420,*434,432,422,417,411,402,406,403,408,406,405,403,401,400,398,396,391,389,393,391,389,387,385,383,373,363,353,344,336,338,336,336,335,329,328,322,320,323,329,321,318,318,323,314,305,311,316,312,308,313,307,304,304,308,309,307,305,303,
D,0,0,0,0,0,7,8,6,4,0,5,0,0,2,0,0,1,4,0,0,4,2,0,2,3,0,1,0,15,15,19,34,41,48,47,62,64,67,63,69,99,100,113,122,121,139,141,157,165,158,158,187,188,201,201,214,213,215,220,245,246,248,267,273,273,287,287,291,294,313,313,325,326,343,341,351,365,363,380,388,388,392,398,412,418,424,*440,438,428,418,410,401,402,401,405,412,410,408,402,400,398,392,387,389,392,390,388,386,384,382,380,378,368,358,348,338,334,342,332,328,327,320,317,322,327,321,314,324,322,312,302,309,316,309,308,312,304,300,303,308,308,306,304,
L,0,2,1,4,0,0,4,4,4,2,0,7,0,0,1,0,0,0,6,0,0,1,0,0,0,2,0,0,13,14,19,32,39,46,48,60,60,64,64,62,97,97,111,120,122,137,139,155,155,166,164,185,183,199,200,212,215,211,211,243,241,244,265,271,272,285,286,291,292,311,312,323,321,341,347,341,363,369,378,386,387,392,396,410,416,422,430,*444,442,440,430,420,410,400,402,402,409,411,405,403,401,402,396,386,386,391,394,392,390,383,386,384,382,380,378,376,366,356,346,336,326,326,321,314,321,325,325,315,322,322,320,310,307,317,307,307,313,308,299,301,306,307,305,
H,0,0,0,0,3,1,0,3,3,3,3,0,6,0,0,0,0,0,0,4,0,8,0,0,0,2,0,0,11,11,11,30,37,44,45,58,59,59,62,62,95,96,109,118,119,135,145,153,154,156,165,183,183,197,197,210,209,214,209,241,241,240,263,269,269,283,283,283,290,309,309,321,321,339,338,346,361,360,376,384,384,384,394,408,407,420,428,434,*452,450,448,446,444,434,424,422,412,406,412,410,408,398,399,397,394,384,388,391,389,388,380,384,383,390,388,386,384,382,380,378,376,366,356,346,336,326,322,324,314,321,319,318,309,307,316,306,304,310,306,298,300,308,307,
A,0,0,0,0,1,3,0,0,2,4,1,2,0,10,4,0,0,0,0,0,4,0,8,4,0,0,2,4,9,15,10,28,35,42,42,56,59,57,58,62,93,94,107,116,116,133,135,151,151,154,157,181,183,195,201,208,210,208,214,239,241,240,261,267,273,281,287,282,288,307,313,319,321,337,338,336,359,360,374,382,388,383,392,406,407,418,426,432,442,*456,448,447,445,443,441,439,437,427,417,415,413,407,397,400,395,394,384,387,391,389,387,384,385,381,388,387,390,388,386,384,382,380,378,376,374,372,362,352,342,332,322,323,319,317,308,316,306,303,310,307,297,298,307,
H,0,0,0,0,0,0,3,0,0,1,5,0,1,0,8,2,0,0,0,0,0,12,2,6,4,2,0,0,7,7,12,26,33,40,41,54,55,58,55,56,91,92,105,114,115,131,141,149,150,148,153,179,179,193,193,206,205,209,206,237,237,240,259,265,265,279,279,284,286,305,305,317,317,335,334,337,357,356,372,380,380,385,390,404,403,416,424,430,440,446,*464,454,444,445,443,441,439,437,435,433,431,421,411,401,408,398,396,386,384,389,386,385,383,393,389,386,385,389,387,385,383,380,378,386,384,382,380,378,376,374,372,362,352,350,340,330,320,310,301,309,306,299,298,
K,0,0,0,0,0,0,1,2,5,0,1,2,5,3,0,5,0,5,0,0,0,2,10,1,7,2,0,0,5,6,5,24,31,38,37,52,54,52,57,54,89,96,103,112,111,129,131,147,148,148,148,177,177,191,192,204,204,210,207,235,235,242,257,263,264,277,278,277,284,303,304,315,315,333,333,333,355,355,370,378,379,378,388,402,402,414,422,428,430,444,454,*469,459,449,447,445,443,441,439,437,438,436,434,432,422,420,418,416,406,396,387,385,385,383,392,388,385,384,386,386,384,382,380,377,385,384,382,380,383,381,379,377,375,373,371,369,367,365,355,345,335,325,315,
L,0,2,1,4,0,0,0,0,0,3,0,3,0,4,2,0,1,0,7,0,0,0,0,9,0,6,0,0,3,4,10,22,29,36,38,50,50,54,49,56,87,87,101,110,112,127,129,145,143,149,146,175,173,189,190,202,205,202,206,233,231,233,255,261,262,275,276,282,282,301,302,313,311,331,337,329,353,359,368,376,377,383,386,400,406,412,420,426,428,442,452,459,*473,471,469,467,465,463,461,459,449,447,445,443,441,439,437,435,433,431,421,411,401,399,389,389,387,381,384,385,383,383,383,377,376,383,388,386,378,383,385,383,381,379,377,375,373,371,369,367,365,363,361,
R,0,0,0,0,3,0,0,0,2,0,3,0,5,0,3,0,0,3,0,5,0,0,0,0,9,0,4,0,1,2,2,20,27,34,33,48,49,47,52,48,85,89,99,108,107,125,127,143,143,140,148,173,173,187,188,200,199,207,200,231,231,233,253,259,260,273,274,274,281,299,300,311,311,329,329,335,351,351,366,374,375,375,384,398,398,410,418,418,426,440,450,457,463,*478,476,474,472,470,468,466,464,462,460,458,456,454,452,450,448,446,444,442,440,438,436,426,416,406,396,386,383,382,380,383,376,375,381,386,388,378,381,384,382,380,378,376,374,371,370,368,369,367,368,
V,0,1,4,1,0,0,0,0,0,0,0,6,0,5,0,5,0,0,6,0,2,0,0,0,0,8,0,4,2,1,3,18,17,32,33,46,46,48,45,52,83,83,97,106,107,123,122,141,140,147,138,171,170,185,187,198,204,197,204,229,228,229,251,257,259,271,273,275,274,297,299,309,308,327,330,326,349,352,364,372,374,376,382,396,399,408,416,419,416,438,448,455,461,468,*482,480,478,476,474,472,470,468,466,464,462,460,458,456,454,452,450,448,446,444,442,440,438,436,434,432,422,412,402,392,383,374,376,378,384,387,379,381,382,386,378,378,380,375,371,368,366,368,364,
D,0,0,0,0,1,0,2,6,0,0,1,0,5,0,3,0,4,0,0,5,0,1,0,0,2,0,7,0,6,0,0,16,16,30,29,44,46,43,47,44,81,82,95,104,103,121,122,139,147,137,147,169,170,183,183,196,195,203,196,227,228,227,249,248,255,269,269,269,273,295,295,307,308,325,323,336,347,345,362,370,370,370,380,394,392,406,414,412,418,436,446,453,459,466,472,*488,486,476,477,475,473,471,469,467,465,463,461,459,453,453,451,449,448,446,444,442,440,444,442,440,438,436,434,432,422,412,402,392,382,381,383,377,381,379,386,377,375,376,374,371,367,363,366,
P,0,0,0,0,0,0,0,1,5,0,0,0,0,4,0,0,0,3,0,0,3,0,0,0,0,0,0,6,0,5,0,14,14,28,26,42,43,42,50,46,79,80,93,102,100,119,119,137,138,145,137,167,167,181,182,194,194,194,201,225,225,227,247,247,247,267,268,266,268,293,294,305,305,323,322,326,345,344,360,368,369,367,378,392,391,404,405,411,410,434,444,451,457,464,470,478,*495,493,483,481,479,477,475,473,471,469,467,465,457,452,450,450,448,446,444,451,449,439,440,441,447,445,443,441,439,437,435,433,431,421,411,401,391,381,378,385,375,372,375,373,370,364,361,
V,0,1,4,1,0,0,0,0,0,3,0,3,0,0,4,2,0,0,6,0,0,0,0,0,0,0,0,0,4,0,6,12,11,26,27,40,40,42,40,50,77,77,91,100,101,117,116,135,134,142,143,165,164,179,181,192,198,192,191,223,222,223,245,251,247,265,267,269,266,291,293,303,302,321,324,324,343,346,358,366,368,370,376,390,393,402,401,406,408,432,442,449,455,462,468,476,485,*499,497,495,493,491,489,487,485,483,481,479,469,459,453,450,448,445,443,442,451,446,438,440,439,447,449,447,445,443,441,439,437,435,433,431,429,427,417,407,397,387,377,373,371,369,361,
N,0,0,0,1,2,0,0,1,0,1,9,0,3,0,0,0,2,0,0,6,0,1,0,0,0,0,0,0,0,2,0,10,12,24,23,38,41,37,40,40,75,77,89,98,97,115,118,133,136,132,143,163,165,177,177,190,189,198,192,221,223,222,243,242,249,263,263,264,267,289,289,301,303,319,318,325,341,340,356,364,364,365,374,388,387,400,403,398,407,430,440,447,453,460,459,474,483,489,*505,503,501,499,497,495,493,491,489,487,477,475,465,455,451,449,446,441,441,452,443,438,438,437,444,450,448,446,444,442,440,438,436,434,432,430,428,426,424,422,420,410,400,390,380,
F,0,0,0,0,0,0,0,0,0,0,0,9,0,1,0,1,0,0,0,0,3,0,0,0,0,3,0,0,0,0,2,8,7,22,30,36,36,47,37,38,73,72,87,96,104,113,114,131,130,135,133,161,160,175,175,188,189,188,195,219,218,220,241,242,240,261,261,263,262,287,287,299,298,317,319,315,339,341,354,362,362,364,372,386,388,398,397,403,397,428,438,445,451,458,459,472,481,487,495,*511,509,507,505,503,501,499,497,495,493,491,489,487,477,467,457,447,445,442,458,448,438,436,436,443,448,446,446,441,439,446,444,442,432,431,428,426,425,424,422,420,418,416,414,
K,0,0,0,0,0,0,1,0,5,0,0,0,14,4,0,0,0,5,0,0,0,2,0,0,1,0,1,0,1,0,0,6,10,20,20,34,36,37,46,36,71,78,85,94,94,111,112,129,130,128,135,159,159,173,174,186,186,194,186,217,217,223,239,239,241,259,260,259,262,285,286,297,297,315,315,318,337,337,352,360,361,360,370,384,384,396,397,395,402,426,436,443,449,456,456,470,479,485,493,501,*516,514,512,510,508,506,504,502,500,498,496,494,492,490,488,486,484,482,472,470,468,458,448,438,442,448,444,445,446,436,444,443,442,432,431,427,424,423,423,422,425,423,421,
L,0,2,1,4,0,0,0,0,0,3,0,2,4,13,3,0,0,0,7,0,0,0,0,0,0,0,0,0,0,0,4,4,4,18,20,32,32,36,36,45,69,69,83,92,94,109,108,127,125,131,126,157,155,171,172,184,187,184,190,215,213,215,237,240,238,257,258,264,258,283,284,295,293,313,319,311,335,341,350,358,359,365,368,382,388,394,392,401,392,424,434,434,447,454,457,468,477,483,491,499,506,*520,518,516,514,512,510,508,506,504,502,500,498,496,494,492,490,488,486,484,482,480,478,476,466,456,452,442,443,446,440,443,441,443,433,430,428,428,422,421,420,424,422,
L,0,2,3,5,2,0,0,0,0,0,0,2,2,3,12,2,0,0,2,3,0,0,0,0,0,0,0,0,0,0,4,2,2,16,18,30,30,32,34,35,67,67,81,90,92,107,106,125,123,126,129,155,153,169,170,182,185,185,180,213,211,211,235,238,239,255,256,262,263,281,282,293,291,311,317,315,333,339,348,356,357,363,366,380,386,392,390,396,398,422,432,432,438,452,455,466,475,481,489,497,504,510,*524,522,520,518,516,514,512,510,508,506,504,502,500,498,496,494,492,490,488,486,484,482,480,478,468,466,456,446,450,440,441,442,441,432,431,432,427,420,419,419,422,
S,0,0,0,1,9,2,0,0,0,4,1,0,2,3,4,9,2,0,0,2,3,0,0,1,0,0,0,1,0,1,0,4,1,14,14,28,34,28,32,35,65,67,79,88,88,105,106,123,125,121,130,153,155,167,170,180,180,185,185,211,213,211,233,233,239,253,256,254,263,279,282,291,293,309,309,317,331,331,346,354,357,355,367,378,378,390,392,388,395,420,430,432,430,450,450,464,473,479,487,495,502,502,514,*528,526,524,516,514,512,513,508,509,510,508,506,504,502,500,498,496,494,492,490,488,486,484,482,480,478,476,466,464,454,444,446,442,432,429,433,431,421,417,418,
H,0,0,0,0,0,7,2,0,0,0,5,0,0,0,1,2,7,1,0,0,0,11,1,0,1,2,0,0,1,0,0,0,4,12,13,26,27,33,31,30,63,64,77,86,87,103,113,121,122,122,120,151,151,165,165,178,177,179,183,209,209,212,231,230,231,251,251,253,253,277,277,289,289,307,306,308,329,328,344,352,352,354,357,376,375,380,389,389,396,418,428,429,429,448,447,462,471,477,485,493,500,499,512,518,*536,534,524,514,511,510,510,506,508,518,516,514,512,510,508,506,504,502,500,498,496,486,484,482,480,478,476,474,472,470,460,450,448,438,428,432,430,423,417,
C,0,0,0,0,0,0,3,0,0,0,0,4,0,0,0,0,0,4,0,0,0,1,8,1,0,0,0,0,0,1,0,0,0,10,10,24,25,25,30,30,61,60,75,84,84,101,103,119,118,121,121,149,148,163,165,176,177,174,176,207,206,206,229,230,230,249,251,250,253,275,277,287,286,305,306,303,327,328,342,350,352,351,355,374,375,378,379,388,386,416,418,425,428,446,447,460,469,475,483,491,498,499,510,516,526,*545,543,541,531,521,511,510,505,508,515,513,514,512,510,508,506,504,502,497,498,496,494,492,490,488,486,484,482,480,478,476,474,472,470,460,450,440,430,
L,0,2,1,4,0,0,0,0,0,0,0,2,2,0,0,0,0,0,6,0,0,0,0,7,0,0,0,0,0,0,5,0,0,8,10,22,22,25,22,29,59,59,73,82,84,99,101,117,115,119,119,147,145,161,162,174,177,175,170,205,203,204,227,230,229,247,248,255,249,273,274,285,283,303,309,302,325,331,340,348,349,356,354,372,378,376,377,383,385,414,416,416,429,444,447,458,467,473,481,489,496,502,508,514,524,535,*549,547,545,543,541,531,521,519,509,512,512,510,512,510,508,505,505,499,496,496,500,498,496,494,492,490,488,486,484,482,480,478,476,474,472,470,468,
L,0,2,3,5,2,0,0,0,0,0,0,2,0,1,0,0,0,0,2,2,0,0,0,0,4,0,0,0,0,0,4,2,0,6,8,20,20,22,22,21,57,57,71,80,82,97,99,115,113,116,117,145,143,159,160,172,175,175,171,203,201,201,225,228,229,245,246,252,254,271,272,283,281,301,307,305,323,329,338,346,347,353,354,370,376,376,375,381,380,412,414,414,420,442,445,456,465,471,479,487,494,500,506,512,522,533,539,*553,551,549,547,545,543,541,539,529,519,509,510,511,509,507,506,502,498,494,500,498,496,496,498,496,494,492,490,488,486,484,482,480,478,476,474,
V,0,1,6,4,3,0,0,0,0,0,0,3,0,0,1,2,0,0,3,0,0,0,0,0,0,3,0,0,0,0,1,2,0,4,5,18,18,19,20,22,55,55,69,78,79,95,97,113,112,117,114,143,142,157,159,170,176,173,172,201,200,199,223,229,228,243,245,247,252,269,271,281,280,299,302,304,321,324,336,344,346,348,351,368,371,374,373,376,378,410,412,412,415,440,446,454,463,469,477,485,492,495,501,510,520,531,534,543,*557,555,550,548,546,544,542,540,538,536,526,516,514,509,511,503,502,496,495,497,496,495,497,498,496,498,496,494,492,487,485,483,481,479,477,
T,0,0,1,5,5,1,0,0,0,1,0,0,2,0,0,0,0,0,0,1,0,0,0,0,0,0,1,0,0,0,0,0,1,2,2,16,19,16,18,25,53,54,67,76,76,93,95,111,112,112,118,141,141,155,157,168,170,175,171,199,199,199,221,223,229,241,243,244,247,267,269,279,279,297,298,301,319,320,334,342,344,345,349,366,367,372,373,372,374,408,410,411,411,438,440,452,461,463,475,483,490,491,494,508,518,529,530,541,547,*562,554,552,550,548,546,544,542,540,538,536,534,524,514,509,503,503,495,494,496,494,494,497,499,496,499,501,494,491,492,490,488,486,484,
L,0,2,1,5,3,1,0,0,0,0,0,2,0,1,0,0,0,0,2,0,0,0,0,0,0,0,0,0,0,0,4,0,0,3,2,14,14,19,13,17,51,51,65,74,76,91,93,109,107,113,110,139,137,153,154,166,169,168,171,197,195,197,219,222,222,239,240,247,243,265,266,277,275,295,301,294,317,323,332,340,341,348,343,364,370,365,368,377,369,406,408,408,415,436,439,450,459,462,473,481,488,494,495,506,516,527,533,539,545,552,*566,564,562,560,558,556,554,552,550,548,546,544,542,532,522,512,507,497,492,496,498,493,495,500,494,498,502,498,490,490,488,487,485,
A,0,0,2,0,6,3,0,0,0,1,0,0,1,4,5,0,0,0,0,2,0,0,0,4,0,0,0,4,0,4,0,3,0,0,1,12,15,12,18,13,49,50,63,72,72,89,91,107,107,107,114,137,139,151,157,164,166,168,168,195,197,194,217,219,226,237,243,239,251,263,269,275,277,293,294,299,315,316,330,338,344,340,349,362,363,371,363,367,375,404,406,407,407,434,436,448,457,459,471,479,486,487,493,504,514,525,526,537,543,550,556,*570,568,566,564,562,560,558,556,554,552,550,548,546,544,542,532,530,520,510,500,502,494,495,501,494,498,501,498,491,489,486,486,
S,0,0,0,0,4,6,3,0,0,4,2,0,0,2,5,2,0,0,0,0,2,0,0,1,4,0,0,1,4,1,2,0,2,0,0,10,16,13,11,19,47,49,61,70,70,87,89,105,107,105,111,135,137,149,152,162,162,166,168,193,195,197,215,215,220,235,238,241,241,261,264,273,275,291,291,294,313,313,328,336,339,342,344,360,360,367,371,361,366,402,404,406,405,432,432,446,455,455,469,477,484,484,485,502,512,523,523,535,541,548,554,560,*574,572,570,568,563,561,559,557,555,553,551,549,547,548,546,544,542,540,538,528,518,508,499,502,492,496,502,502,492,487,485,
H,0,0,0,0,0,2,6,2,0,0,5,0,0,0,0,3,0,0,0,0,0,10,0,0,1,6,0,0,1,2,0,2,0,0,0,8,9,15,11,9,45,46,59,68,69,85,95,103,104,104,104,133,133,147,147,160,159,161,164,191,191,194,213,212,213,233,233,235,239,259,259,271,271,289,288,290,311,310,326,334,334,336,341,358,357,359,366,368,369,400,410,403,403,430,429,444,453,452,467,475,482,481,481,500,510,521,520,533,539,546,552,558,564,*582,580,578,568,566,564,557,555,553,551,559,549,546,545,545,543,541,539,537,535,533,523,513,503,493,494,501,501,494,487,
H,0,0,0,0,0,0,2,5,1,0,1,2,0,0,0,0,1,0,0,0,0,8,8,0,0,3,4,0,0,0,0,0,2,0,0,6,7,8,13,9,43,44,57,66,67,83,93,101,102,101,103,131,131,145,145,158,157,158,159,189,189,190,211,210,210,231,231,230,233,257,257,269,269,287,286,287,309,308,324,332,332,331,335,356,355,356,358,363,376,398,408,409,400,428,427,442,451,450,465,473,480,479,478,498,508,519,518,531,537,544,550,556,562,572,*590,588,586,584,582,572,562,553,551,559,557,548,543,544,544,542,540,538,536,534,532,530,528,526,516,506,500,503,494,
P,0,0,0,0,0,0,0,1,4,0,0,0,1,0,0,0,0,0,0,0,0,0,6,7,0,0,1,3,0,0,0,0,0,0,0,4,5,3,15,12,41,42,55,64,62,81,83,99,100,100,100,129,129,143,144,156,156,156,156,187,187,188,209,209,209,229,230,228,229,255,256,267,267,285,284,285,307,306,322,330,331,329,330,354,353,354,355,355,366,396,398,407,406,426,426,440,449,449,463,471,478,477,476,496,498,517,516,529,535,542,548,554,560,562,580,*597,595,593,591,589,587,577,575,565,558,556,546,542,543,540,539,539,537,535,533,531,529,527,525,523,513,503,501,
A,0,0,0,0,1,0,0,0,0,5,0,0,0,5,4,0,0,0,0,0,0,0,0,10,6,0,0,5,2,4,0,0,0,0,0,4,5,3,5,15,39,40,53,62,62,79,81,97,97,100,101,127,129,141,147,154,156,155,156,185,187,186,207,209,213,227,233,229,232,253,259,265,267,283,284,282,305,306,320,328,334,330,330,352,353,354,352,354,364,394,396,397,406,424,426,438,439,449,461,469,476,477,476,494,496,515,516,527,533,540,546,552,558,560,578,587,*601,599,597,595,593,591,589,587,577,567,565,555,545,541,539,543,540,538,536,533,531,529,527,526,524,522,512,
D,0,0,0,0,0,0,2,6,0,0,6,0,0,0,3,0,0,0,0,0,0,0,0,0,12,3,0,0,7,0,0,2,0,0,0,0,4,2,3,5,37,38,51,60,59,77,79,95,103,94,100,125,126,139,139,152,151,155,154,183,184,186,205,204,207,225,225,229,227,251,251,263,264,281,279,290,303,301,318,326,326,330,330,350,348,353,360,350,362,392,394,395,396,422,421,436,437,439,459,467,474,472,473,492,494,513,511,525,531,538,544,544,556,558,576,585,591,*607,605,603,601,591,589,588,586,584,582,580,578,568,558,548,543,541,538,535,530,528,528,527,525,523,521,
F,0,0,0,0,0,0,0,0,3,0,0,6,0,0,0,4,0,0,0,0,0,0,0,0,2,15,5,0,0,5,0,0,0,0,6,0,0,10,8,6,35,34,49,58,66,75,77,93,93,102,92,123,122,137,137,150,151,148,152,181,180,181,203,204,202,223,223,225,227,249,249,261,260,279,281,280,301,303,316,324,324,326,328,348,350,346,350,360,360,390,392,391,395,420,421,434,432,437,457,465,472,474,472,490,492,511,513,523,529,536,542,542,554,556,574,583,589,597,*613,611,609,599,597,588,586,584,584,582,580,584,582,580,570,568,558,548,538,536,526,526,524,528,526,
T,0,0,0,0,1,0,0,0,0,4,0,0,5,0,0,0,2,0,0,0,0,0,0,0,0,5,13,5,0,0,4,0,0,0,0,6,1,0,9,13,33,34,47,56,56,73,75,91,92,93,103,121,121,135,137,148,150,150,146,179,179,179,201,203,204,221,223,222,225,247,249,259,259,277,278,280,299,300,314,322,324,323,327,346,347,351,345,350,358,388,390,391,390,418,420,432,433,435,455,455,470,471,473,488,490,509,510,521,527,534,540,542,552,554,572,581,587,595,603,*618,616,609,607,597,588,587,583,583,581,578,583,582,581,579,577,575,573,571,561,551,541,531,529,
P,0,0,0,0,0,0,0,0,0,0,2,0,0,4,0,0,0,1,0,0,0,0,0,0,0,3,3,12,4,0,0,3,0,0,0,0,5,3,7,8,31,32,45,54,52,71,73,89,90,90,93,119,119,133,134,146,146,149,148,177,177,178,199,199,202,219,220,220,221,245,246,257,257,275,274,277,297,296,312,320,321,321,322,344,343,346,350,348,348,386,388,389,388,416,416,430,439,437,453,451,468,467,468,486,488,507,506,519,525,526,538,539,550,552,570,579,585,593,601,608,*625,615,613,611,601,591,584,582,582,577,575,582,581,579,578,576,574,572,570,568,566,564,562,
A,0,0,0,0,1,0,0,0,0,1,0,1,0,4,8,0,0,0,0,0,0,0,0,4,0,1,3,7,11,8,0,0,2,0,0,4,1,3,2,7,29,30,43,52,52,69,71,87,87,90,91,117,119,131,137,144,146,145,149,175,177,176,197,199,203,217,223,219,224,243,249,255,257,273,274,272,295,296,310,318,324,320,322,342,343,344,344,349,346,384,386,387,388,414,416,428,429,439,451,451,466,467,466,484,486,505,506,517,523,525,536,542,548,550,568,569,583,591,599,606,615,*629,627,625,623,621,611,601,591,581,576,579,583,581,580,578,576,574,572,571,569,567,565,
V,0,1,4,1,0,0,0,0,0,0,0,3,0,0,4,10,0,0,3,0,0,0,0,0,2,0,0,3,5,11,9,0,0,3,0,0,2,0,1,2,27,27,41,50,51,67,69,85,84,91,88,115,114,129,131,142,148,144,142,173,172,175,195,201,199,215,217,224,219,241,243,253,252,271,274,271,293,296,308,316,318,325,318,340,343,341,341,345,346,382,384,384,388,412,418,426,426,433,449,450,464,467,468,482,484,503,506,515,521,523,534,536,546,548,566,566,573,589,597,604,613,619,*633,631,629,627,625,623,621,619,609,599,589,587,579,580,582,580,574,570,569,568,566,
H,0,0,0,1,0,0,0,0,0,0,1,0,2,0,0,2,8,0,0,1,0,8,0,0,0,4,0,0,3,3,8,9,0,0,2,0,0,1,0,0,25,26,39,48,49,65,75,83,84,81,90,113,113,127,127,140,139,147,142,171,171,171,193,192,199,213,213,214,222,239,239,251,251,269,268,273,291,290,306,314,314,315,324,338,337,342,340,338,353,380,390,383,381,410,409,424,424,423,447,448,462,461,464,480,490,501,500,513,512,519,532,532,544,554,564,564,571,587,595,602,611,617,623,*641,639,637,635,633,631,629,627,625,623,613,603,593,583,581,578,573,569,571,569,
A,0,0,0,0,2,0,0,0,0,1,0,0,0,6,4,0,2,7,0,0,1,0,8,4,0,0,4,4,0,7,2,7,8,0,0,6,1,0,0,0,23,24,37,46,46,63,65,81,81,84,82,111,113,125,131,138,140,138,147,169,171,170,191,193,196,211,217,212,218,237,243,249,251,267,268,266,289,290,304,312,318,313,316,336,337,338,340,339,343,378,380,389,382,408,410,422,423,424,445,445,460,461,460,478,480,499,500,511,513,512,530,536,542,544,562,563,569,585,593,600,609,615,621,631,*645,643,641,639,637,635,633,631,629,627,625,623,621,619,609,599,589,579,577,
S,0,0,0,0,4,2,0,0,0,4,2,0,0,1,7,1,0,2,5,0,0,0,0,9,4,0,0,5,4,1,5,2,6,7,0,1,10,0,0,1,21,23,35,44,44,61,63,79,81,79,88,109,111,123,126,136,136,140,138,167,169,171,189,189,194,209,212,215,213,235,238,247,249,265,265,268,287,287,302,310,313,316,317,334,334,341,338,338,341,376,378,380,387,406,406,420,421,421,443,443,458,458,459,476,478,497,497,509,509,514,528,531,540,542,560,561,567,583,591,598,607,610,619,629,635,*649,647,645,643,641,639,634,635,633,631,629,627,625,623,621,619,617,615,
L,0,2,1,4,0,0,0,0,0,0,1,4,0,0,0,5,0,0,4,1,0,0,0,0,6,3,0,0,2,3,5,2,0,8,7,0,0,10,0,0,19,19,33,42,44,59,61,77,75,82,78,107,105,121,122,134,137,134,136,165,163,167,187,190,188,207,208,216,214,233,234,245,243,263,269,261,285,291,300,308,309,317,314,332,338,332,337,342,340,374,376,376,384,404,407,418,417,422,441,443,456,462,462,474,476,495,501,507,510,508,526,527,530,540,558,557,565,581,589,596,605,606,617,627,633,639,*653,651,649,647,645,638,632,636,631,630,630,631,629,627,625,623,621,
D,0,0,0,0,4,0,2,6,0,0,1,0,3,0,0,0,4,0,0,3,0,0,0,0,2,3,2,0,2,0,0,7,0,0,5,5,3,0,9,0,17,18,31,40,39,57,59,75,83,73,82,105,106,119,119,132,131,136,133,163,164,162,185,184,188,205,205,206,214,231,231,243,244,261,259,275,283,281,298,306,306,307,317,330,328,338,338,333,341,372,374,375,374,402,401,416,417,414,439,438,454,452,458,472,474,493,491,505,504,509,524,524,528,538,556,557,563,579,587,594,603,603,615,625,631,637,643,*659,657,655,645,643,638,629,636,630,627,626,630,629,627,625,623,
K,0,0,0,0,0,2,1,1,11,1,0,0,5,2,0,0,0,9,0,0,1,0,0,0,1,0,1,1,1,1,0,1,9,7,0,4,5,3,0,8,15,22,29,38,37,55,57,73,74,81,73,103,103,117,118,130,130,136,134,161,161,169,183,183,183,203,204,204,205,229,230,241,241,259,259,265,281,281,296,304,305,305,307,328,328,328,337,336,332,370,372,379,377,400,400,414,415,415,437,436,452,452,450,470,472,491,491,503,503,503,522,523,526,536,554,555,561,577,585,592,601,602,613,623,629,635,641,649,*664,662,660,650,643,636,629,635,628,625,625,630,634,632,630,
F,0,0,0,0,0,0,0,0,1,9,0,0,0,3,0,1,0,0,9,0,0,0,0,0,0,4,0,0,0,0,1,0,0,9,13,3,2,11,1,0,13,12,27,36,44,53,55,71,70,73,79,101,100,115,115,128,129,127,133,159,158,159,181,182,181,201,201,204,202,227,227,239,238,257,259,263,279,281,294,302,302,305,303,326,328,326,327,337,335,368,370,369,379,398,399,412,410,414,435,443,450,452,452,468,470,489,491,501,502,501,520,520,524,534,552,550,559,575,583,590,599,599,611,621,627,633,639,647,654,*670,668,666,656,646,636,627,634,628,623,623,627,637,635,
L,0,2,1,4,0,0,0,0,0,0,6,2,0,0,2,0,0,0,2,5,0,0,0,0,0,0,0,0,0,0,4,0,0,2,9,12,2,2,8,0,11,11,25,34,36,51,53,69,67,71,71,99,97,113,114,126,129,127,123,157,155,157,179,182,181,199,200,205,203,225,226,237,235,255,261,261,277,283,292,300,301,306,303,324,330,326,325,331,334,366,368,368,373,396,399,410,409,411,433,435,448,454,456,466,468,487,493,499,502,501,518,519,522,532,550,549,557,573,575,588,597,598,609,619,625,631,637,645,652,660,*674,672,670,668,666,656,646,638,628,621,621,627,635,
A,0,0,2,0,5,0,0,0,0,1,0,5,1,4,4,0,0,0,0,2,5,0,0,4,0,0,0,4,0,4,0,3,0,0,0,13,13,3,1,8,9,10,23,32,32,49,51,67,67,67,72,97,99,111,117,124,126,128,127,155,157,155,177,179,186,197,203,199,209,223,229,235,237,253,254,259,275,276,290,298,304,300,307,322,323,331,329,324,329,364,366,367,367,394,396,408,409,409,431,431,446,447,453,464,466,485,486,497,499,502,516,522,520,530,548,549,555,571,571,586,595,601,607,617,623,629,630,643,650,658,664,*678,676,674,672,670,668,658,656,646,636,634,626,
S,0,0,0,0,4,5,0,0,0,4,2,0,5,2,5,1,0,0,0,0,2,4,0,1,4,0,0,1,4,1,2,0,2,0,0,3,17,15,5,2,9,9,21,30,30,47,49,65,67,65,71,95,97,109,112,122,122,126,128,153,155,157,175,175,180,195,198,201,200,221,224,233,235,251,251,254,273,273,288,296,299,302,304,320,320,327,331,327,323,362,364,366,365,392,392,406,407,407,429,429,444,444,445,462,464,483,483,495,495,500,514,517,526,528,546,547,553,569,569,584,593,596,605,615,618,627,627,641,648,656,662,668,*682,680,678,676,674,672,670,668,666,664,654,
V,0,1,4,1,0,1,3,0,0,0,1,5,0,5,2,7,0,0,3,0,0,0,1,0,0,3,0,0,0,4,2,0,0,3,0,1,7,16,14,5,2,7,19,28,29,45,47,63,62,71,63,93,92,107,109,120,126,120,123,151,150,153,173,179,175,193,195,199,201,219,221,231,230,249,252,248,271,274,286,294,296,300,300,318,321,318,324,332,324,360,362,362,367,390,396,404,404,411,427,428,442,445,445,460,462,481,484,493,499,495,512,514,516,526,544,544,551,567,568,582,591,593,603,613,615,617,628,639,646,654,660,666,672,*686,678,678,680,678,676,674,672,670,668,
S,0,0,0,2,5,0,1,3,0,4,1,0,5,1,6,0,7,0,0,3,0,0,0,2,0,0,3,1,0,1,2,2,0,0,1,1,5,6,15,15,6,2,17,26,26,43,45,61,63,61,75,91,93,105,108,118,118,126,120,149,151,150,171,171,180,191,194,193,200,217,220,229,231,247,247,252,269,269,284,292,295,294,304,316,316,325,318,322,331,358,360,362,360,388,388,402,403,402,425,425,440,440,443,458,460,479,479,491,491,500,510,513,518,524,542,543,549,565,565,580,589,592,601,611,614,619,618,637,644,652,658,664,670,676,*690,680,676,678,679,680,678,676,674,
T,0,0,0,0,3,3,0,0,2,1,4,0,0,5,1,4,0,6,0,0,1,0,0,0,1,0,0,3,0,0,0,1,1,0,0,1,2,4,5,20,20,10,15,24,24,41,43,59,60,63,65,89,89,103,105,116,118,117,124,147,147,150,169,171,171,189,191,193,193,215,217,227,227,245,246,246,267,268,282,290,292,294,295,314,315,317,324,317,321,356,358,359,361,386,388,400,401,403,423,423,438,439,439,456,458,477,478,489,491,496,508,510,514,522,540,541,547,563,563,578,587,589,599,609,611,615,618,635,642,650,656,662,665,674,680,*695,685,675,683,680,679,677,675,
V,0,1,4,1,0,0,1,0,0,0,0,7,0,0,5,3,1,0,9,0,0,0,0,0,0,0,0,0,1,0,1,0,0,2,0,0,0,2,2,10,20,18,16,22,23,39,41,57,56,64,63,87,86,101,103,114,120,116,114,145,144,145,167,173,171,187,189,192,193,213,215,225,224,243,246,243,265,268,280,288,290,293,292,312,315,313,314,325,323,354,356,356,360,384,390,398,398,405,421,422,436,439,440,454,456,475,478,487,493,491,506,508,508,520,538,538,545,561,562,576,585,587,597,607,609,609,616,633,640,648,654,660,660,672,678,685,*699,689,679,681,678,678,674,
L,0,2,2,8,0,0,0,0,0,0,0,2,5,0,0,3,0,0,2,5,0,0,0,0,0,0,0,0,0,0,4,0,0,2,2,0,0,0,0,8,10,18,17,20,22,37,39,55,53,57,62,85,83,99,100,112,115,118,112,143,141,142,165,168,172,185,186,193,191,211,212,223,221,241,247,242,263,269,278,286,287,294,291,310,316,313,309,318,322,352,354,354,360,382,385,396,395,399,419,421,434,440,443,452,454,473,479,485,488,492,504,505,506,518,536,535,543,559,561,574,583,584,595,605,606,607,613,631,638,646,652,658,658,670,676,683,689,*703,701,691,681,677,676,
T,0,0,2,1,9,0,0,0,0,1,0,0,1,5,0,0,1,0,0,0,3,0,0,0,0,0,0,0,0,0,0,3,0,0,0,2,1,0,0,6,13,9,23,21,18,35,37,53,54,53,58,83,83,97,99,110,112,114,116,141,141,140,163,165,168,183,185,185,193,209,211,221,221,239,240,246,261,262,276,284,286,286,295,308,309,317,312,308,316,350,352,353,353,380,382,394,395,395,417,417,432,433,439,450,452,471,472,483,485,493,502,504,506,516,534,535,541,557,557,572,581,583,593,603,605,607,606,629,636,644,645,656,659,668,674,681,687,693,*708,706,704,694,684,
S,0,0,0,0,5,9,0,0,0,4,2,0,0,2,6,0,0,1,0,0,0,2,0,1,0,0,0,1,0,1,0,0,2,0,0,1,6,0,0,4,7,13,13,21,19,33,35,51,53,52,57,81,83,95,98,108,108,112,114,139,141,141,161,161,166,181,184,183,186,207,210,219,221,237,237,240,259,259,274,282,285,284,290,306,306,313,317,310,307,348,350,352,351,378,378,392,393,393,415,415,430,430,431,448,450,469,469,481,481,486,500,503,508,514,532,533,539,555,555,570,579,582,591,601,604,609,605,627,634,642,642,654,660,666,672,675,685,691,698,*712,710,708,706,
K,0,0,0,0,0,3,10,0,5,0,4,0,5,0,1,3,0,5,0,0,0,0,0,0,2,0,0,0,2,0,0,1,2,1,0,0,1,3,0,2,3,12,12,11,18,31,33,49,50,51,52,79,79,93,94,106,106,113,110,137,137,146,159,159,160,179,180,182,182,205,206,217,217,235,235,236,257,257,272,280,281,283,284,304,304,306,312,315,309,346,348,355,350,376,376,390,391,391,413,412,428,428,428,446,448,467,467,479,479,480,498,499,503,512,530,531,537,553,552,568,577,578,589,599,600,604,607,625,632,640,640,652,654,664,666,671,683,689,696,702,*717,715,713,
Y,0,0,0,0,0,0,1,7,0,3,0,3,0,3,0,2,0,0,4,0,0,2,0,0,0,9,0,0,0,0,0,0,0,1,4,0,0,4,0,0,0,2,10,19,14,29,33,47,46,49,49,77,76,91,91,104,105,104,110,135,134,136,157,158,157,177,177,179,180,203,203,215,214,233,234,232,255,256,270,278,278,280,281,302,303,302,303,311,317,344,348,346,354,374,375,388,387,390,411,416,426,427,427,444,448,465,466,477,478,477,496,496,497,510,528,527,535,551,556,566,575,575,587,597,597,598,603,623,623,638,639,650,650,662,662,664,681,687,694,700,707,*724,722,
R,0,0,0,0,0,0,0,0,9,0,3,0,5,0,2,0,0,2,0,2,0,0,0,0,0,0,7,0,0,0,0,0,5,0,0,3,0,0,2,0,0,2,1,9,16,27,29,45,45,43,48,75,75,89,90,102,101,107,102,133,133,136,155,154,157,175,176,175,178,201,202,213,213,231,231,232,253,253,268,276,277,276,279,300,300,302,300,301,311,342,344,350,344,372,371,386,386,384,409,408,424,424,425,442,444,463,463,475,474,477,494,495,495,508,526,526,533,549,548,564,573,574,585,595,596,596,596,621,625,636,636,648,649,660,661,661,679,685,692,698,705,714,*729,
